month,applications,fraud_cases,fraud_rate
0,132440,1500,0.011325883418906675
1,127620,1198,0.009387243378780755
2,136979,1198,0.008745866154666044
3,150936,1392,0.009222451900143107
4,44864,1452,0.03236447931526391
5,119323,1411,0.01182504630289215
6,108168,1450,0.013405073589231566
7,96843,1428,0.014745515938167962
