strategy,scenarios,mean_accuracy,mean_precision,mean_recall,mean_false_positive,mean_false_negative,mean_human_reviews,mean_unused_capacity,accuracy_std,precision_std,recall_std,min_accuracy,max_accuracy
global_skill,25,0.6078707650886246,0.2774693718269671,0.9034036568213782,1679.04,68.68,4052.0,0.0,0.02762305926285814,0.014786123339412439,0.009648423564637127,0.5705631590756114,0.6621045546331613
random_capacity,25,0.5715413955575499,0.2612342113542404,0.9172995780590718,1850.84,58.8,4052.0,0.0,0.028868631671926978,0.01321586125427152,0.014655882824510613,0.53219654476105,0.632488220776307
risk_band_specialist,25,0.6093605564280906,0.2778292358095639,0.9005907172995781,1670.4,70.68,4052.0,0.0,0.026457528046678246,0.014037218983184939,0.011688093746451026,0.5748261162216738,0.6681624411038816
